{
  "val": {
    "accuracy": 0.7631578947368421,
    "precision": 0.6792452830188679,
    "recall": 0.782608695652174,
    "f1": 0.7272727272727273,
    "roc_auc": 0.8561381074168798
  },
  "test": {
    "accuracy": 0.7902097902097902,
    "precision": 0.7333333333333333,
    "recall": 0.7586206896551724,
    "f1": 0.7457627118644068,
    "roc_auc": 0.8536511156186612
  },
  "selection_metric": "f1",
  "selected_model": "baseline"
}